Rating,KPT duration (minutes),volatility
4.8,8,44.44444444444444
4.9,10,55.55555555555556
5.0,12,66.66666666666666
4.7,15,83.33333333333334
4.6,18,100.0
